Setting,Hit@10,MRR,Hits
Baseline (retrieval only),0.08333333333333333,0.08333333333333333,1/12
+ implicit expansion,0.08333333333333333,0.08333333333333333,1/12
+ time filter,0.08333333333333333,0.08333333333333333,1/12
+ reranker (full),0.3333333333333333,0.1994047619047619,4/12
